{
  "eye": {
    "orientation": [
      -0.005926330573856831,
      -0.7242716550827026,
      -0.006428196560591459,
      0.6894593834877014
    ],
    "magnitude": 1,
    "position": [
      259.94781494140625,
      176.4909210205078,
      374.946533203125
    ]
  },
  "radius": 793.2212524414062,
  "type": "PERSPECTIVE"
}